,audio_path,transcription_path,original_audio,audio_length,Average Amplitude,Zero Crossing Rate,Energy,Num Speakers
0,audio/Bdb001/interval0.mp3,audio/Bdb001/interval0.csv,Bdb001,448.454,0.0895056694376384,0.0590373087931681,0.0021451119083447,5
1,audio/Bdb001/interval1.mp3,audio/Bdb001/interval1.csv,Bdb001,367.24000000000007,0.0889845827260377,0.0622251102522761,0.0021038824282185,4
2,audio/Bdb001/interval2.mp3,audio/Bdb001/interval2.csv,Bdb001,553.0729999999999,0.0918906037348581,0.0557107812106406,0.0024342780322836,4
3,audio/Bdb001/interval3.mp3,audio/Bdb001/interval3.csv,Bdb001,535.8199999999999,0.0880855842137683,0.0529751723923123,0.0024488763285775,4
4,audio/Bdb001/interval4.mp3,audio/Bdb001/interval4.csv,Bdb001,609.8699999999999,0.0634185372732618,0.0493986509197125,0.0021244086629678,6
5,audio/Bed002/interval0.mp3,audio/Bed002/interval0.csv,Bed002,443.159,0.06177542036723,0.0494298678105024,0.0017350900827309,4
6,audio/Bed002/interval1.mp3,audio/Bed002/interval1.csv,Bed002,466.781,0.0476059970505835,0.0569969199637491,0.000835620739117,5
7,audio/Bed002/interval2.mp3,audio/Bed002/interval2.csv,Bed002,524.9999999999999,0.0670794800913653,0.046520008085471,0.0014945769562676,5
8,audio/Bed002/interval3.mp3,audio/Bed002/interval3.csv,Bed002,460.72,0.0728717156351781,0.0471643956002419,0.0017909698888277,5
9,audio/Bed002/interval4.mp3,audio/Bed002/interval4.csv,Bed002,318.55999999999995,0.0667117755173088,0.0460604386844023,0.0030421933465917,4
10,audio/Bed002/interval5.mp3,audio/Bed002/interval5.csv,Bed002,550.4399999999996,0.0658323380573501,0.0465929190197102,0.0032149224314501,5
11,audio/Bed002/interval6.mp3,audio/Bed002/interval6.csv,Bed002,439.44000000000005,0.0925230645032642,0.0398294673993448,0.0105863444093672,5
12,audio/Bed002/interval7.mp3,audio/Bed002/interval7.csv,Bed002,432.8299999999999,0.1670983884655696,0.0313824627585027,0.0377078057063146,4
13,audio/Bed003/interval0.mp3,audio/Bed003/interval0.csv,Bed003,407.722,0.1513265432051806,0.0602787930221383,0.0057674713011793,4
14,audio/Bed003/interval1.mp3,audio/Bed003/interval1.csv,Bed003,458.2,0.127964091319662,0.0630727543516266,0.003353048803966,4
15,audio/Bed003/interval2.mp3,audio/Bed003/interval2.csv,Bed003,405.68,0.156193982911084,0.0604619735326522,0.0069241188151771,4
16,audio/Bed003/interval3.mp3,audio/Bed003/interval3.csv,Bed003,571.4100000000001,0.1202730838554284,0.0575365116674793,0.005429441570682,4
17,audio/Bed003/interval4.mp3,audio/Bed003/interval4.csv,Bed003,393.3799999999999,0.1355896421794481,0.0625333167940621,0.0062452661096088,4
18,audio/Bed003/interval5.mp3,audio/Bed003/interval5.csv,Bed003,508.9200000000001,0.0991588378720882,0.0636577465225499,0.0037351979494247,4
19,audio/Bed003/interval6.mp3,audio/Bed003/interval6.csv,Bed003,368.29,0.1248278652743846,0.0642049053594508,0.006999893957363,4
20,audio/Bed004/interval0.mp3,audio/Bed004/interval0.csv,Bed004,437.64,0.0362858717011501,0.0573927615413439,0.0008454851390528,3
21,audio/Bed004/interval1.mp3,audio/Bed004/interval1.csv,Bed004,456.57,0.0330778426277361,0.0542645530310735,0.0004115769044962,4
22,audio/Bed004/interval2.mp3,audio/Bed004/interval2.csv,Bed004,529.0100000000001,0.069273090944562,0.0612200057334416,0.0011241162905536,4
23,audio/Bed004/interval3.mp3,audio/Bed004/interval3.csv,Bed004,312.6100000000001,0.0735094763417675,0.0646268868263945,0.001696916938618,3
24,audio/Bed004/interval4.mp3,audio/Bed004/interval4.csv,Bed004,533.8299999999999,0.0840280278620892,0.0644602609445,0.0017573214993077,3
25,audio/Bed004/interval5.mp3,audio/Bed004/interval5.csv,Bed004,314.05999999999995,0.0915973985741175,0.0639192862357681,0.0021742192298517,3
26,audio/Bed004/interval6.mp3,audio/Bed004/interval6.csv,Bed004,334.71000000000004,0.0784161214388049,0.0750847505853277,0.0016370394686768,3
27,audio/Bed005/interval0.mp3,audio/Bed005/interval0.csv,Bed005,437.844,0.1473531232405225,0.0461519646633213,0.0074306436942777,4
28,audio/Bed005/interval1.mp3,audio/Bed005/interval1.csv,Bed005,469.94900000000007,0.2010208397656483,0.0569711798264575,0.0126308457274937,6
29,audio/Bed005/interval2.mp3,audio/Bed005/interval2.csv,Bed005,304.078,0.1295890591175732,0.0496983513572846,0.0080693544200725,4
30,audio/Bed005/interval3.mp3,audio/Bed005/interval3.csv,Bed005,476.48,0.2421736076933497,0.0504892472954534,0.0174346782690486,3
31,audio/Bed005/interval4.mp3,audio/Bed005/interval4.csv,Bed005,484.59000000000015,0.1691381457430194,0.0445856464497484,0.0100708521718666,6
32,audio/Bed005/interval5.mp3,audio/Bed005/interval5.csv,Bed005,329.77,0.1996396174341071,0.0481152130601809,0.0127609209692018,6
33,audio/Bed005/interval6.mp3,audio/Bed005/interval6.csv,Bed005,431.27,0.2233333510551108,0.0611608937981183,0.0129192703058507,6
34,audio/Bed005/interval7.mp3,audio/Bed005/interval7.csv,Bed005,488.54,0.2313424728195055,0.0538343770422409,0.0166548651676105,5
35,audio/Bed006/interval0.mp3,audio/Bed006/interval0.csv,Bed006,439.235,0.1744821134923771,0.0529256144027197,0.0087355792522817,7
36,audio/Bed006/interval1.mp3,audio/Bed006/interval1.csv,Bed006,376.87,0.1252818211043759,0.0530105693291386,0.0039700971664421,6
37,audio/Bed006/interval2.mp3,audio/Bed006/interval2.csv,Bed006,519.094,0.1375711688724473,0.0532122161695965,0.0058745588440879,6
38,audio/Bed006/interval3.mp3,audio/Bed006/interval3.csv,Bed006,339.20000000000005,0.1860100508014429,0.0590776862186836,0.0095821595500079,6
39,audio/Bed006/interval4.mp3,audio/Bed006/interval4.csv,Bed006,406.9399999999998,0.1641443217316924,0.0584518291573947,0.0091487143156731,5
40,audio/Bed006/interval5.mp3,audio/Bed006/interval5.csv,Bed006,591.73,0.1289044373424624,0.056272938718902,0.0054008449379112,7
41,audio/Bed006/interval6.mp3,audio/Bed006/interval6.csv,Bed006,438.1700000000001,0.1938263022599206,0.0614425273485109,0.0131591100183794,6
42,audio/Bed006/interval7.mp3,audio/Bed006/interval7.csv,Bed006,623.6499999999996,0.1452020215657816,0.0563070870390278,0.0069074247014369,7
43,audio/Bed008/interval0.mp3,audio/Bed008/interval0.csv,Bed008,392.857,0.1066611078385039,0.0571851542644364,0.0045550113618729,5
44,audio/Bed008/interval1.mp3,audio/Bed008/interval1.csv,Bed008,535.289,0.1148448403819944,0.0521942854848067,0.0058540519028588,5
45,audio/Bed008/interval2.mp3,audio/Bed008/interval2.csv,Bed008,451.94999999999993,0.1778597087053114,0.0576978903761431,0.0106156404886758,5
46,audio/Bed008/interval3.mp3,audio/Bed008/interval3.csv,Bed008,301.54999999999995,0.1309871625693952,0.0555775502064564,0.0078469506982689,5
47,audio/Bed008/interval4.mp3,audio/Bed008/interval4.csv,Bed008,490.1400000000001,0.153183847803397,0.0586031876213937,0.0091453221853224,5
48,audio/Bed008/interval5.mp3,audio/Bed008/interval5.csv,Bed008,401.6600000000003,0.1079049058907129,0.0531720188396005,0.0048706567367813,5
49,audio/Bed008/interval6.mp3,audio/Bed008/interval6.csv,Bed008,312.8499999999999,0.1532518082588201,0.0538603499679939,0.008367036687058,5
50,audio/Bed008/interval7.mp3,audio/Bed008/interval7.csv,Bed008,448.2800000000002,0.1904942462383808,0.0624957762887832,0.0108822999603632,5
51,audio/Bed008/interval8.mp3,audio/Bed008/interval8.csv,Bed008,325.8499999999999,0.126572347399478,0.0694274423943636,0.0045035819165434,5
52,audio/Bed008/interval9.mp3,audio/Bed008/interval9.csv,Bed008,528.9399999999996,0.0987458438440131,0.0593642612420434,0.00321915457541,4
53,audio/Bed008/interval10.mp3,audio/Bed008/interval10.csv,Bed008,448.5100000000002,0.0393561580298612,0.0527327318916312,0.0007647894171715,3
54,audio/Bed009/interval0.mp3,audio/Bed009/interval0.csv,Bed009,443.743,0.126133062572619,0.0445493341122259,0.0064469037887046,6
55,audio/Bed009/interval1.mp3,audio/Bed009/interval1.csv,Bed009,354.997,0.1422180140996126,0.0424754866141506,0.0085047600524373,5
56,audio/Bed009/interval2.mp3,audio/Bed009/interval2.csv,Bed009,360.3899999999999,0.1258308677050494,0.0437913502271116,0.0070435431342048,5
57,audio/Bed009/interval3.mp3,audio/Bed009/interval3.csv,Bed009,497.21,0.1119576235677951,0.0437649489673811,0.0055667317197639,4
58,audio/Bed009/interval4.mp3,audio/Bed009/interval4.csv,Bed009,355.79999999999995,0.1076310708759279,0.0402483441007569,0.0053007312684112,4
59,audio/Bed009/interval5.mp3,audio/Bed009/interval5.csv,Bed009,340.0899999999999,0.107618671877545,0.0435484068836621,0.004511957142751,4
60,audio/Bed009/interval6.mp3,audio/Bed009/interval6.csv,Bed009,574.0800000000004,0.0969885867185567,0.0366142209998382,0.0044381873509359,4
61,audio/Bed010/interval0.mp3,audio/Bed010/interval0.csv,Bed010,449.24,0.2041309597145667,0.051411286252132,0.0112105166113974,5
62,audio/Bed010/interval1.mp3,audio/Bed010/interval1.csv,Bed010,398.6710000000001,0.1789432913018981,0.0481560770966802,0.0074786045630597,4
63,audio/Bed010/interval2.mp3,audio/Bed010/interval2.csv,Bed010,301.928,0.1559194354646956,0.0493298121106667,0.0086525922625151,3
64,audio/Bed010/interval3.mp3,audio/Bed010/interval3.csv,Bed010,372.5999999999999,0.1469978977548512,0.0546207405395089,0.0058013834536263,6
65,audio/Bed010/interval4.mp3,audio/Bed010/interval4.csv,Bed010,581.1299999999999,0.1090159108538982,0.0579115453192424,0.0039621585195671,5
66,audio/Bed010/interval5.mp3,audio/Bed010/interval5.csv,Bed010,470.2400000000002,0.1368707707682222,0.0611308499237729,0.0053027574989341,5
67,audio/Bed010/interval6.mp3,audio/Bed010/interval6.csv,Bed010,586.7399999999998,0.1358063206853694,0.0576328780447386,0.0060884259100329,7
68,audio/Bed011/interval0.mp3,audio/Bed011/interval0.csv,Bed011,436.62,0.1526859335162168,0.0605601960104897,0.006690924643848,5
69,audio/Bed011/interval1.mp3,audio/Bed011/interval1.csv,Bed011,518.124,0.1319339245189693,0.0696945224620753,0.0046541425179234,5
70,audio/Bed011/interval2.mp3,audio/Bed011/interval2.csv,Bed011,410.8259999999999,0.1521196600571063,0.0612320638811959,0.0069037125804614,5
71,audio/Bed011/interval3.mp3,audio/Bed011/interval3.csv,Bed011,580.74,0.1365917462075813,0.0637597191610691,0.0065039990923774,5
72,audio/Bed011/interval4.mp3,audio/Bed011/interval4.csv,Bed011,577.1999999999998,0.1319691093314641,0.0645229159438108,0.0073417763403602,6
73,audio/Bed011/interval5.mp3,audio/Bed011/interval5.csv,Bed011,523.1600000000003,0.1583547206688961,0.0608716012105543,0.0091318954576901,4
74,audio/Bed012/interval0.mp3,audio/Bed012/interval0.csv,Bed012,365.254,0.1048605445419537,0.0735712985605651,0.0024614865951974,3
75,audio/Bed012/interval1.mp3,audio/Bed012/interval1.csv,Bed012,460.922,0.0954638694024994,0.0657362684027253,0.00242535843684,3
76,audio/Bed012/interval2.mp3,audio/Bed012/interval2.csv,Bed012,428.5,0.1128919464424718,0.0731318519189606,0.0025659056309629,4
77,audio/Bed012/interval3.mp3,audio/Bed012/interval3.csv,Bed012,601.1300000000001,0.0873656092137027,0.0707813925858955,0.0015876926775487,4
78,audio/Bed012/interval4.mp3,audio/Bed012/interval4.csv,Bed012,658.2799999999997,0.0973677114271594,0.0698707217261904,0.0026804704721889,4
79,audio/Bed013/interval0.mp3,audio/Bed013/interval0.csv,Bed013,448.73,0.1056622741030513,0.0503254349305986,0.0045735077434806,4
80,audio/Bed013/interval1.mp3,audio/Bed013/interval1.csv,Bed013,423.44,0.1346594039482765,0.0597006493495366,0.0067245200352136,4
81,audio/Bed013/interval2.mp3,audio/Bed013/interval2.csv,Bed013,333.30999999999995,0.1369575846000327,0.0591092090081853,0.0061783079554968,5
82,audio/Bed013/interval3.mp3,audio/Bed013/interval3.csv,Bed013,413.3,0.1163500328027987,0.0558704299069522,0.0054234409629438,5
83,audio/Bed013/interval4.mp3,audio/Bed013/interval4.csv,Bed013,577.3999999999999,0.1438787037262483,0.0622479363652129,0.0070910571560292,5
84,audio/Bed013/interval5.mp3,audio/Bed013/interval5.csv,Bed013,472.1399999999999,0.1199066683521485,0.0613200950378676,0.0037798999453508,4
85,audio/Bed013/interval6.mp3,audio/Bed013/interval6.csv,Bed013,579.5700000000002,0.1141082824251632,0.0586624732384314,0.0038356154971305,4
86,audio/Bed014/interval0.mp3,audio/Bed014/interval0.csv,Bed014,445.181,0.1223310033410759,0.0640981386992776,0.0065331054805967,6
87,audio/Bed014/interval1.mp3,audio/Bed014/interval1.csv,Bed014,376.258,0.1493000017232466,0.0609076095340944,0.0079325917667402,5
88,audio/Bed014/interval2.mp3,audio/Bed014/interval2.csv,Bed014,344.43000000000006,0.1287158193597649,0.0638642513608939,0.0064175935165607,5
89,audio/Bed014/interval3.mp3,audio/Bed014/interval3.csv,Bed014,391.43000000000006,0.1451172297270694,0.0692788777027227,0.0059054071155849,5
90,audio/Bed014/interval4.mp3,audio/Bed014/interval4.csv,Bed014,507.08000000000015,0.1485235131062642,0.0709271499310293,0.0076669208814105,5
91,audio/Bed014/interval5.mp3,audio/Bed014/interval5.csv,Bed014,501.2400000000002,0.1164334728950358,0.0729395648639806,0.0050038289758644,5
92,audio/Bed014/interval6.mp3,audio/Bed014/interval6.csv,Bed014,610.56,0.097843647259005,0.0690516592092127,0.00407898234094,5
93,audio/Bed015/interval0.mp3,audio/Bed015/interval0.csv,Bed015,447.409,0.0764797396326326,0.0393816097504411,0.0029628598731739,6
94,audio/Bed015/interval1.mp3,audio/Bed015/interval1.csv,Bed015,393.549,0.1217722431345104,0.0514993682794707,0.0056050469119783,5
95,audio/Bed015/interval2.mp3,audio/Bed015/interval2.csv,Bed015,583.865,0.1369506775513688,0.0530289943328693,0.0052930545871093,5
96,audio/Bed015/interval3.mp3,audio/Bed015/interval3.csv,Bed015,370.51,0.0758091978955444,0.050471579870903,0.0027258930102944,4
97,audio/Bed015/interval4.mp3,audio/Bed015/interval4.csv,Bed015,389.26999999999975,0.0816369111799912,0.0465414018229943,0.0025202708462469,4
98,audio/Bed015/interval5.mp3,audio/Bed015/interval5.csv,Bed015,569.0500000000002,0.0821567447286295,0.0468910987166931,0.0022506229533829,5
99,audio/Bed015/interval6.mp3,audio/Bed015/interval6.csv,Bed015,333.9699999999998,0.1348127820624235,0.0545370742043558,0.0050469854249087,4
100,audio/Bed015/interval7.mp3,audio/Bed015/interval7.csv,Bed015,351.52,0.0908041763736651,0.047919294227657,0.0029523020066046,4
101,audio/Bed015/interval8.mp3,audio/Bed015/interval8.csv,Bed015,520.7199999999998,0.1603345085842951,0.0550566611787099,0.0079369933408833,5
102,audio/Bed015/interval9.mp3,audio/Bed015/interval9.csv,Bed015,326.0699999999997,0.1718985178124213,0.0536668485855942,0.0104391062113201,5
103,audio/Bed016/interval0.mp3,audio/Bed016/interval0.csv,Bed016,442.71,0.2911773528750326,0.0464424462229885,0.0219619222505187,6
104,audio/Bed016/interval1.mp3,audio/Bed016/interval1.csv,Bed016,486.94,0.1936680862371496,0.0394762037456487,0.010793488298768,5
105,audio/Bed016/interval2.mp3,audio/Bed016/interval2.csv,Bed016,374.9,0.1732491595962533,0.0350893252876099,0.0113063638763573,5
106,audio/Bed016/interval3.mp3,audio/Bed016/interval3.csv,Bed016,424.3,0.1543797898715695,0.0331653696423196,0.00878028970737,5
107,audio/Bed016/interval4.mp3,audio/Bed016/interval4.csv,Bed016,494.8,0.1797620996729536,0.0410018999662717,0.0106535147868229,5
108,audio/Bed017/interval0.mp3,audio/Bed017/interval0.csv,Bed017,435.29,0.166340403518223,0.044941461467168,0.0081943213192462,6
109,audio/Bed017/interval1.mp3,audio/Bed017/interval1.csv,Bed017,291.875,0.1662015626558184,0.042512513299459,0.0075449846749975,2
110,audio/Bed017/interval2.mp3,audio/Bed017/interval2.csv,Bed017,320.855,0.1512573701127837,0.0351658608618568,0.0090873383104735,5
111,audio/Bed017/interval3.mp3,audio/Bed017/interval3.csv,Bed017,557.8,0.2205396076860134,0.0495173855198663,0.0096445301227241,4
112,audio/Bed017/interval4.mp3,audio/Bed017/interval4.csv,Bed017,705.06,0.1311154980071052,0.0387786488350074,0.0068252890549661,5
113,audio/Bmr001/interval0.mp3,audio/Bmr001/interval0.csv,Bmr001,442.859,0.0186416865612741,0.0890951357121323,0.0001190914561203,3
114,audio/Bmr001/interval1.mp3,audio/Bmr001/interval1.csv,Bmr001,539.128,0.0139672968997192,0.0875246085842951,6.629967437419712e-05,3
115,audio/Bmr001/interval2.mp3,audio/Bmr001/interval2.csv,Bmr001,304.077,0.0138249210538551,0.0860648274640157,5.884839527461705e-05,3
116,audio/Bmr001/interval3.mp3,audio/Bmr001/interval3.csv,Bmr001,416.05,0.0152790204619356,0.0862859842407076,8.067414804193047e-05,3
117,audio/Bmr001/interval4.mp3,audio/Bmr001/interval4.csv,Bmr001,478.56,0.0136843954498921,0.0884240621967491,7.440638823061274e-05,3
118,audio/Bmr002/interval0.mp3,audio/Bmr002/interval0.csv,Bmr002,445.371,0.0328677594229919,0.0568641331265314,0.0004772425677001,4
119,audio/Bmr002/interval1.mp3,audio/Bmr002/interval1.csv,Bmr002,360.232,0.0301109902478337,0.0629549821935026,0.000423084972578,4
120,audio/Bmr002/interval2.mp3,audio/Bmr002/interval2.csv,Bmr002,595.5080000000002,0.0266960991113115,0.060680316076198,0.0003717025210011,4
121,audio/Bmr002/interval3.mp3,audio/Bmr002/interval3.csv,Bmr002,470.8499999999999,0.0333061079595775,0.0720570255094807,0.0005124460921529,4
122,audio/Bmr002/interval4.mp3,audio/Bmr002/interval4.csv,Bmr002,371.84000000000015,0.0288767362262081,0.0533843799761146,0.0004851898257836,4
123,audio/Bmr003/interval0.mp3,audio/Bmr003/interval0.csv,Bmr003,434.649,0.0421286868148916,0.0555137358349137,0.00076308451328,5
124,audio/Bmr003/interval1.mp3,audio/Bmr003/interval1.csv,Bmr003,469.50700000000006,0.0405625012345414,0.0568482773476137,0.0006420219834212,5
125,audio/Bmr003/interval2.mp3,audio/Bmr003/interval2.csv,Bmr003,315.73,0.0414642364571841,0.0628560668388733,0.000683252862087,5
126,audio/Bmr003/interval3.mp3,audio/Bmr003/interval3.csv,Bmr003,458.17999999999984,0.0652975444906725,0.0696978985867582,0.0012833285546871,5
127,audio/Bmr003/interval4.mp3,audio/Bmr003/interval4.csv,Bmr003,467.06,0.059585221089121,0.0640927460073328,0.0012155923787205,5
128,audio/Bmr003/interval5.mp3,audio/Bmr003/interval5.csv,Bmr003,567.8499999999999,0.0540088681644891,0.0614649978852326,0.0010523283017735,5
129,audio/Bmr003/interval6.mp3,audio/Bmr003/interval6.csv,Bmr003,388.6100000000001,0.0401297243220794,0.0636771612856246,0.0006738324008968,5
130,audio/Bmr003/interval7.mp3,audio/Bmr003/interval7.csv,Bmr003,349.5799999999999,0.0718817821771532,0.066260472620965,0.0018486759629639,5
131,audio/Bmr003/interval8.mp3,audio/Bmr003/interval8.csv,Bmr003,294.0699999999997,0.083887106162828,0.0699148582461508,0.0017598213375295,5
132,audio/Bmr003/interval9.mp3,audio/Bmr003/interval9.csv,Bmr003,473.77999999999975,0.0771093583276717,0.0659818126301764,0.0016993453340688,5
133,audio/Bmr005/interval0.mp3,audio/Bmr005/interval0.csv,Bmr005,446.053,0.0681282911262611,0.048847773173152,0.0017307015741913,7
134,audio/Bmr005/interval1.mp3,audio/Bmr005/interval1.csv,Bmr005,383.089,0.0586819257591313,0.0505738214721346,0.001859944735397,6
135,audio/Bmr005/interval2.mp3,audio/Bmr005/interval2.csv,Bmr005,569.747,0.0952406531922694,0.052498900735369,0.0053550978680906,7
136,audio/Bmr005/interval3.mp3,audio/Bmr005/interval3.csv,Bmr005,516.5799999999999,0.0533118705642968,0.0486230284393541,0.0015372706554522,7
137,audio/Bmr005/interval4.mp3,audio/Bmr005/interval4.csv,Bmr005,393.0000000000002,0.0854720876587841,0.0560691749656593,0.002079365928502,7
138,audio/Bmr005/interval5.mp3,audio/Bmr005/interval5.csv,Bmr005,569.1099999999997,0.059068145034436,0.0516579847829967,0.0016886638906109,8
139,audio/Bmr005/interval6.mp3,audio/Bmr005/interval6.csv,Bmr005,406.9099999999999,0.0384403828364022,0.0609025053495007,0.0019980786511645,4
140,audio/Bmr005/interval7.mp3,audio/Bmr005/interval7.csv,Bmr005,392.97000000000025,0.0273737713948516,0.0658132958372725,0.0001920746987587,5
141,audio/Bmr005/interval8.mp3,audio/Bmr005/interval8.csv,Bmr005,580.3200000000002,0.0300170584736704,0.0676164521378486,0.0002379195787667,5
142,audio/Bmr006/interval0.mp3,audio/Bmr006/interval0.csv,Bmr006,439.863,0.0784618430567597,0.0388709145623284,0.0027159160749182,6
143,audio/Bmr006/interval1.mp3,audio/Bmr006/interval1.csv,Bmr006,535.9739999999999,0.0830883623000276,0.0456014877019884,0.0020996529350801,5
144,audio/Bmr006/interval2.mp3,audio/Bmr006/interval2.csv,Bmr006,356.59399999999994,0.0926611427674922,0.0544820200078949,0.0032500008488306,6
145,audio/Bmr006/interval3.mp3,audio/Bmr006/interval3.csv,Bmr006,501.18000000000006,0.0577579193745168,0.0535294240068334,0.0009380116006377,5
146,audio/Bmr006/interval4.mp3,audio/Bmr006/interval4.csv,Bmr006,475.1100000000001,0.0718028004568449,0.0594533607647712,0.0013586320620041,5
147,audio/Bmr006/interval5.mp3,audio/Bmr006/interval5.csv,Bmr006,547.3599999999997,0.0769021604026615,0.0550325882630551,0.0014122475194818,4
148,audio/Bmr006/interval6.mp3,audio/Bmr006/interval6.csv,Bmr006,419.21,0.069912895297898,0.0647757789998061,0.0012654637859671,5
149,audio/Bmr006/interval7.mp3,audio/Bmr006/interval7.csv,Bmr006,426.3500000000004,0.078331455709854,0.06776416754881,0.001599553330653,5
150,audio/Bmr006/interval8.mp3,audio/Bmr006/interval8.csv,Bmr006,409.8800000000001,0.062611215137484,0.068140750686852,0.001142567684851,5
151,audio/Bmr006/interval9.mp3,audio/Bmr006/interval9.csv,Bmr006,344.1300000000001,0.0736709686306615,0.0665747977953579,0.0016848802884312,5
152,audio/Bmr007/interval0.mp3,audio/Bmr007/interval0.csv,Bmr007,448.439,0.0480638866754254,0.046376605743217,0.0010712605520113,7
153,audio/Bmr007/interval1.mp3,audio/Bmr007/interval1.csv,Bmr007,511.258,0.0466333072355941,0.0406072197235909,0.0006696626806326,8
154,audio/Bmr007/interval2.mp3,audio/Bmr007/interval2.csv,Bmr007,311.55100000000004,0.0552458294270436,0.0410957194277276,0.0009990402790484,5
155,audio/Bmr007/interval3.mp3,audio/Bmr007/interval3.csv,Bmr007,459.81,0.0457607741763801,0.0396979338278922,0.0010770068157294,7
156,audio/Bmr007/interval4.mp3,audio/Bmr007/interval4.csv,Bmr007,304.72,0.0604983111344895,0.0437862602031583,0.0017844665764038,8
157,audio/Bmr007/interval5.mp3,audio/Bmr007/interval5.csv,Bmr007,315.9000000000001,0.0695994920434283,0.0401689119349503,0.0012635320834918,4
158,audio/Bmr007/interval6.mp3,audio/Bmr007/interval6.csv,Bmr007,504.3800000000001,0.0753157861551898,0.0473198974541939,0.0015815968381872,8
159,audio/Bmr007/interval7.mp3,audio/Bmr007/interval7.csv,Bmr007,306.25,0.0649468331827927,0.0582608376966451,0.0018771373487928,7
160,audio/Bmr008/interval0.mp3,audio/Bmr008/interval0.csv,Bmr008,443.642,0.0848991153402737,0.0707618863914403,0.002140395168663,6
161,audio/Bmr008/interval1.mp3,audio/Bmr008/interval1.csv,Bmr008,323.838,0.0736490580388433,0.0707050645412095,0.0015610282374112,6
162,audio/Bmr008/interval2.mp3,audio/Bmr008/interval2.csv,Bmr008,533.3320000000001,0.0730139292965952,0.0633753943834625,0.001610833270737,6
163,audio/Bmr008/interval3.mp3,audio/Bmr008/interval3.csv,Bmr008,405.03,0.0591122256579902,0.0583099456206288,0.0012849954438406,6
164,audio/Bmr008/interval4.mp3,audio/Bmr008/interval4.csv,Bmr008,323.1199999999999,0.0513895151072379,0.0618400343467052,0.0010869635385056,6
165,audio/Bmr008/interval5.mp3,audio/Bmr008/interval5.csv,Bmr008,449.8700000000001,0.0710523212916105,0.0692140372983871,0.0019581949455896,6
166,audio/Bmr008/interval6.mp3,audio/Bmr008/interval6.csv,Bmr008,455.4899999999998,0.0490083628452015,0.0707028362676505,0.0008841915086202,6
167,audio/Bmr008/interval7.mp3,audio/Bmr008/interval7.csv,Bmr008,318.96000000000004,0.0357645369009681,0.066257387666521,0.0004416581521063,6
168,audio/Bmr008/interval8.mp3,audio/Bmr008/interval8.csv,Bmr008,554.4900000000002,0.0353611534701854,0.0622311590504606,0.0006317539436315,6
169,audio/Bmr009/interval0.mp3,audio/Bmr009/interval0.csv,Bmr009,449.333,0.0495276110505357,0.075530009212549,0.0005327635336984,4
170,audio/Bmr009/interval1.mp3,audio/Bmr009/interval1.csv,Bmr009,540.722,0.0353606773429011,0.0665957585643277,0.0003980827844263,5
171,audio/Bmr009/interval2.mp3,audio/Bmr009/interval2.csv,Bmr009,373.5350000000001,0.0308900969221232,0.0652945883613321,0.0003424283750576,5
172,audio/Bmr009/interval3.mp3,audio/Bmr009/interval3.csv,Bmr009,563.77,0.0408980141520469,0.0691806246460564,0.0007427666521507,5
173,audio/Bmr009/interval4.mp3,audio/Bmr009/interval4.csv,Bmr009,523.5099999999998,0.0528602696273216,0.0719060303102546,0.0011000676127408,5
174,audio/Bmr009/interval5.mp3,audio/Bmr009/interval5.csv,Bmr009,336.50999999999976,0.0340021622394419,0.0657643048583799,0.0006115682091899,5
175,audio/Bmr010/interval0.mp3,audio/Bmr010/interval0.csv,Bmr010,444.605,0.0569576571629642,0.0615527884358027,0.0014960512728538,7
176,audio/Bmr010/interval1.mp3,audio/Bmr010/interval1.csv,Bmr010,546.9309999999999,0.0493812690369905,0.0537298427218212,0.001400024340053,7
177,audio/Bmr010/interval2.mp3,audio/Bmr010/interval2.csv,Bmr010,298.7700000000001,0.0487764290612277,0.0491256020124154,0.0017252268732946,7
178,audio/Bmr010/interval3.mp3,audio/Bmr010/interval3.csv,Bmr010,385.8999999999999,0.0410486612527261,0.0604398761845667,0.0010511312033898,6
179,audio/Bmr010/interval4.mp3,audio/Bmr010/interval4.csv,Bmr010,299.8600000000001,0.0342358963599996,0.0596125843319265,0.0007097703465475,7
180,audio/Bmr010/interval5.mp3,audio/Bmr010/interval5.csv,Bmr010,374.0300000000002,0.0248538758704767,0.0536070007934229,0.0005699614019361,5
181,audio/Bmr010/interval6.mp3,audio/Bmr010/interval6.csv,Bmr010,349.8800000000001,0.0264265032090081,0.0613891917492036,0.0003802633045417,5
182,audio/Bmr010/interval7.mp3,audio/Bmr010/interval7.csv,Bmr010,306.8900000000003,0.0292185454490854,0.0644234594296171,0.0004343918852396,5
183,audio/Bmr011/interval0.mp3,audio/Bmr011/interval0.csv,Bmr011,446.791,0.0360269600711436,0.0489551055308699,0.0006878174672466,8
184,audio/Bmr011/interval1.mp3,audio/Bmr011/interval1.csv,Bmr011,364.9450000000001,0.0335056770823232,0.0596338446725679,0.0003793699426384,7
185,audio/Bmr011/interval2.mp3,audio/Bmr011/interval2.csv,Bmr011,424.96,0.0296032564927851,0.0583269588023166,0.0003862544674517,6
186,audio/Bmr011/interval3.mp3,audio/Bmr011/interval3.csv,Bmr011,394.8000000000002,0.0308605503030042,0.057940430089543,0.0003665859333736,8
187,audio/Bmr011/interval4.mp3,audio/Bmr011/interval4.csv,Bmr011,448.0499999999997,0.031127453692413,0.0600239767957089,0.0003946075055252,7
188,audio/Bmr011/interval5.mp3,audio/Bmr011/interval5.csv,Bmr011,474.6700000000001,0.0283254821397403,0.0552277311457467,0.0005566496449422,7
189,audio/Bmr011/interval6.mp3,audio/Bmr011/interval6.csv,Bmr011,376.1100000000001,0.0337112534245616,0.056976344735847,0.0015057518122562,7
190,audio/Bmr011/interval7.mp3,audio/Bmr011/interval7.csv,Bmr011,331.5300000000002,0.0538743644905991,0.0647855652599278,0.0020953173348978,8
191,audio/Bmr011/interval8.mp3,audio/Bmr011/interval8.csv,Bmr011,397.8499999999999,0.0365068507293261,0.0519838570240457,0.0004110519034057,7
192,audio/Bmr012/interval0.mp3,audio/Bmr012/interval0.csv,Bmr012,441.835,0.1218367883148898,0.0536249256890798,0.005135785967728,8
193,audio/Bmr012/interval1.mp3,audio/Bmr012/interval1.csv,Bmr012,584.8990000000001,0.0729098330154887,0.0476928274799027,0.0015667948222524,8
194,audio/Bmr012/interval2.mp3,audio/Bmr012/interval2.csv,Bmr012,456.42999999999984,0.0676856596883237,0.049654777679389,0.0016675751939325,7
195,audio/Bmr012/interval3.mp3,audio/Bmr012/interval3.csv,Bmr012,430.53,0.0841825913843235,0.0569934188683124,0.0019117247557282,7
196,audio/Bmr012/interval4.mp3,audio/Bmr012/interval4.csv,Bmr012,324.6400000000001,0.0439253960553054,0.0599532685998068,0.0006964905457933,7
197,audio/Bmr013/interval0.mp3,audio/Bmr013/interval0.csv,Bmr013,351.10200000000003,0.0766899960164789,0.0569185264904768,0.002583328526377,6
198,audio/Bmr013/interval1.mp3,audio/Bmr013/interval1.csv,Bmr013,531.682,0.0484277438939029,0.054212311801249,0.0006423660374868,6
199,audio/Bmr013/interval2.mp3,audio/Bmr013/interval2.csv,Bmr013,436.27600000000007,0.0555308163732709,0.0555447533713209,0.0006965172626612,5
200,audio/Bmr013/interval3.mp3,audio/Bmr013/interval3.csv,Bmr013,289.1399999999999,0.0486572846181986,0.0626317453625632,0.0008562205104081,6
201,audio/Bmr013/interval4.mp3,audio/Bmr013/interval4.csv,Bmr013,542.9699999999998,0.0383699834924466,0.065212754814991,0.0004554118370192,7
202,audio/Bmr013/interval5.mp3,audio/Bmr013/interval5.csv,Bmr013,320.0499999999997,0.0420191389386538,0.0520624569246953,0.0005015543342746,7
203,audio/Bmr014/interval0.mp3,audio/Bmr014/interval0.csv,Bmr014,448.311,0.0676428057207352,0.0441220577691241,0.0012547708335301,5
204,audio/Bmr014/interval1.mp3,audio/Bmr014/interval1.csv,Bmr014,451.129,0.0596761921168871,0.0486228000829944,0.0044464697526082,6
205,audio/Bmr014/interval2.mp3,audio/Bmr014/interval2.csv,Bmr014,587.94,0.0596836213926574,0.0471320703109573,0.0013742131138484,5
206,audio/Bmr014/interval3.mp3,audio/Bmr014/interval3.csv,Bmr014,452.21,0.0641625877112847,0.0461905638670671,0.0013475786451002,5
207,audio/Bmr014/interval4.mp3,audio/Bmr014/interval4.csv,Bmr014,532.6199999999999,0.0719038135494828,0.0515295832152665,0.0021922470196293,5
208,audio/Bmr014/interval5.mp3,audio/Bmr014/interval5.csv,Bmr014,262.9399999999996,0.0781797905365996,0.0466194328003576,0.0057016961968496,6
209,audio/Bmr015/interval0.mp3,audio/Bmr015/interval0.csv,Bmr015,435.232,0.0776398997764973,0.058169004706506,0.001939140338992,6
210,audio/Bmr015/interval1.mp3,audio/Bmr015/interval1.csv,Bmr015,440.213,0.0508086500910454,0.0514730697656785,0.0023230867854332,6
211,audio/Bmr015/interval2.mp3,audio/Bmr015/interval2.csv,Bmr015,452.86800000000005,0.0409442406078631,0.0604459341673502,0.000676067930814,7
212,audio/Bmr015/interval3.mp3,audio/Bmr015/interval3.csv,Bmr015,449.1300000000001,0.04525372440799,0.0534562073085224,0.0013451246649493,5
213,audio/Bmr015/interval4.mp3,audio/Bmr015/interval4.csv,Bmr015,510.78,0.0466494222706207,0.0500799699830666,0.0008901425301981,6
214,audio/Bmr015/interval5.mp3,audio/Bmr015/interval5.csv,Bmr015,275.42999999999984,0.0416047374041886,0.0472769614235584,0.0009596920139656,6
215,audio/Bmr016/interval0.mp3,audio/Bmr016/interval0.csv,Bmr016,448.344,0.0929991187439729,0.0555501664541146,0.0026332426203766,6
216,audio/Bmr016/interval1.mp3,audio/Bmr016/interval1.csv,Bmr016,504.45,0.098890030884844,0.0611074376078826,0.0038269037437539,7
217,audio/Bmr016/interval2.mp3,audio/Bmr016/interval2.csv,Bmr016,551.2199999999999,0.078318493462534,0.0667491369721461,0.0016841340207726,7
218,audio/Bmr016/interval3.mp3,audio/Bmr016/interval3.csv,Bmr016,305.76,0.1136814615365446,0.0687052656060145,0.0025186480789055,7
219,audio/Bmr016/interval4.mp3,audio/Bmr016/interval4.csv,Bmr016,465.53,0.1001248388478848,0.0910158295769115,0.0026055233004483,7
220,audio/Bmr016/interval5.mp3,audio/Bmr016/interval5.csv,Bmr016,545.52,0.1378217820646736,0.0937754178926002,0.0046241046940854,7
221,audio/Bmr016/interval6.mp3,audio/Bmr016/interval6.csv,Bmr016,501.09000000000015,0.1268304841754004,0.0893750850719382,0.0045348887557717,7
222,audio/Bmr016/interval7.mp3,audio/Bmr016/interval7.csv,Bmr016,616.9399999999996,0.1099737434785024,0.080485418087834,0.0028492328004274,7
223,audio/Bmr018/interval0.mp3,audio/Bmr018/interval0.csv,Bmr018,444.741,0.1572361518517537,0.0594430289936175,0.0065601458443332,7
224,audio/Bmr018/interval1.mp3,audio/Bmr018/interval1.csv,Bmr018,578.233,0.1417869988075166,0.0653540816492992,0.005109890020847,7
225,audio/Bmr018/interval2.mp3,audio/Bmr018/interval2.csv,Bmr018,513.4399999999998,0.0920958865352369,0.0553923535151833,0.0036201711221857,7
226,audio/Bmr018/interval3.mp3,audio/Bmr018/interval3.csv,Bmr018,310.6099999999999,0.0789183603270021,0.0695036256260746,0.0020462084032679,6
227,audio/Bmr018/interval4.mp3,audio/Bmr018/interval4.csv,Bmr018,559.56,0.1086489009999951,0.0683151644648118,0.003848505817198,7
228,audio/Bmr018/interval5.mp3,audio/Bmr018/interval5.csv,Bmr018,451.1000000000004,0.1441639415050303,0.0657452305869749,0.0057518316565234,5
229,audio/Bmr018/interval6.mp3,audio/Bmr018/interval6.csv,Bmr018,301.52999999999975,0.1519241094325559,0.0714666876828892,0.0061363929113072,5
230,audio/Bmr019/interval0.mp3,audio/Bmr019/interval0.csv,Bmr019,448.817,0.1542924892476109,0.0528876875824538,0.0075886937445554,7
231,audio/Bmr019/interval1.mp3,audio/Bmr019/interval1.csv,Bmr019,361.75,0.0955397460242239,0.0468614923479621,0.003510886162128,6
232,audio/Bmr019/interval2.mp3,audio/Bmr019/interval2.csv,Bmr019,444.09,0.1052164363564776,0.0439640257780638,0.0046532202769085,6
233,audio/Bmr019/interval3.mp3,audio/Bmr019/interval3.csv,Bmr019,381.6600000000001,0.0429119974482063,0.0265795276092048,0.0013529062536041,7
234,audio/Bmr019/interval4.mp3,audio/Bmr019/interval4.csv,Bmr019,568.98,0.0735775999715996,0.0467894152804134,0.0020449324586096,8
235,audio/Bmr019/interval5.mp3,audio/Bmr019/interval5.csv,Bmr019,438.5300000000002,0.0833751913502507,0.0391663819264269,0.0077949634910835,7
236,audio/Bmr019/interval6.mp3,audio/Bmr019/interval6.csv,Bmr019,512.06,0.1500138768823383,0.0506342320205867,0.0102259909427134,7
237,audio/Bmr019/interval7.mp3,audio/Bmr019/interval7.csv,Bmr019,434.71,0.1863103386713519,0.0525589828727566,0.0138006121120212,7
238,audio/Bmr020/interval0.mp3,audio/Bmr020/interval0.csv,Bmr020,445.937,0.1134843355281578,0.0459570159951835,0.0052101090844755,7
239,audio/Bmr020/interval1.mp3,audio/Bmr020/interval1.csv,Bmr020,340.251,0.1061894060773534,0.04382972305983,0.0045277439360594,7
240,audio/Bmr020/interval2.mp3,audio/Bmr020/interval2.csv,Bmr020,496.2800000000001,0.1275238316435862,0.0460634520262129,0.0056097674506748,7
241,audio/Bmr020/interval3.mp3,audio/Bmr020/interval3.csv,Bmr020,315.35000000000014,0.1637550622683096,0.0572724316715448,0.0071702181531526,6
242,audio/Bmr020/interval4.mp3,audio/Bmr020/interval4.csv,Bmr020,415.4100000000001,0.0867903524625927,0.067060002672433,0.0030568806326154,6
243,audio/Bmr020/interval5.mp3,audio/Bmr020/interval5.csv,Bmr020,387.6600000000001,0.0908469867953434,0.0911622789983379,0.002650591069502,6
244,audio/Bmr020/interval6.mp3,audio/Bmr020/interval6.csv,Bmr020,490.3800000000001,0.1522538720430486,0.0716516146227922,0.009503908621769,5
245,audio/Bmr020/interval7.mp3,audio/Bmr020/interval7.csv,Bmr020,460.50999999999976,0.1566201559474306,0.0681282458528714,0.010253332878618,5
246,audio/Bmr021/interval0.mp3,audio/Bmr021/interval0.csv,Bmr021,435.99,0.0805616798804535,0.0609400328110853,0.0029322673418431,6
247,audio/Bmr021/interval1.mp3,audio/Bmr021/interval1.csv,Bmr021,562.235,0.1383717454205846,0.0631179236121148,0.0069920877892382,6
248,audio/Bmr021/interval2.mp3,audio/Bmr021/interval2.csv,Bmr021,177.39,0.1543343866378511,0.0570733674533704,0.0106724004204509,6
249,audio/Bmr021/interval3.mp3,audio/Bmr021/interval3.csv,Bmr021,520.8800000000001,0.1403533244381304,0.0577769296697387,0.0081885553257494,5
250,audio/Bmr022/interval0.mp3,audio/Bmr022/interval0.csv,Bmr022,448.066,0.0587607355478385,0.0752620883832331,0.0015520593301416,6
251,audio/Bmr022/interval1.mp3,audio/Bmr022/interval1.csv,Bmr022,519.3969999999999,0.0470827633721058,0.0710020398277191,0.0011322857785378,6
252,audio/Bmr022/interval2.mp3,audio/Bmr022/interval2.csv,Bmr022,504.1200000000001,0.0439397063694166,0.0784139970090046,0.0008457046087031,6
253,audio/Bmr022/interval3.mp3,audio/Bmr022/interval3.csv,Bmr022,290.69000000000005,0.0648575788967234,0.0713592292839883,0.0018262758508637,6
254,audio/Bmr022/interval4.mp3,audio/Bmr022/interval4.csv,Bmr022,456.1600000000001,0.0442137158258367,0.0652954263113356,0.0010989955806461,5
255,audio/Bmr022/interval5.mp3,audio/Bmr022/interval5.csv,Bmr022,334.7600000000002,0.0365731224071727,0.0736319793364604,0.0005649460249966,6
256,audio/Bmr023/interval0.mp3,audio/Bmr023/interval0.csv,Bmr023,408.742,0.1540722690164787,0.062930810291695,0.0091252134633961,7
257,audio/Bmr023/interval1.mp3,audio/Bmr023/interval1.csv,Bmr023,385.841,0.1689146904601143,0.0653889312808419,0.0093197747344593,6
258,audio/Bmr023/interval2.mp3,audio/Bmr023/interval2.csv,Bmr023,548.3340000000001,0.1241096626020093,0.0657730041154986,0.0043846008064029,6
259,audio/Bmr023/interval3.mp3,audio/Bmr023/interval3.csv,Bmr023,514.9399999999998,0.2790502787084375,0.085136548775195,0.0209093738047042,7
260,audio/Bmr023/interval4.mp3,audio/Bmr023/interval4.csv,Bmr023,332.32000000000016,0.0824254765077009,0.0639789681517258,0.0019468572256282,5
261,audio/Bmr023/interval5.mp3,audio/Bmr023/interval5.csv,Bmr023,503.1399999999999,0.1130639837902793,0.0640484435209862,0.0037685652153381,4
262,audio/Bmr023/interval6.mp3,audio/Bmr023/interval6.csv,Bmr023,454.31,0.2011521741929417,0.0688368005644357,0.0141246979597149,5
263,audio/Bmr024/interval0.mp3,audio/Bmr024/interval0.csv,Bmr024,440.439,0.1199911883233583,0.0610556975772971,0.0064410558756754,6
264,audio/Bmr024/interval1.mp3,audio/Bmr024/interval1.csv,Bmr024,490.319,0.0984682163217266,0.0631198260731874,0.0053987738758983,7
265,audio/Bmr024/interval2.mp3,audio/Bmr024/interval2.csv,Bmr024,546.5980000000001,0.1341354696208842,0.0632567830460685,0.0076317137513127,7
266,audio/Bmr024/interval3.mp3,audio/Bmr024/interval3.csv,Bmr024,302.27,0.1409393594775433,0.0576969673600975,0.0088681226754973,8
267,audio/Bmr024/interval4.mp3,audio/Bmr024/interval4.csv,Bmr024,485.2000000000001,0.1276784101726288,0.0546636888115548,0.008158577475364,8
268,audio/Bmr024/interval5.mp3,audio/Bmr024/interval5.csv,Bmr024,479.31,0.0508214252997142,0.0494204584332461,0.0010535076125417,5
269,audio/Bmr025/interval0.mp3,audio/Bmr025/interval0.csv,Bmr025,444.56,0.1859914886712666,0.0563322167081244,0.0115854159083154,8
270,audio/Bmr025/interval1.mp3,audio/Bmr025/interval1.csv,Bmr025,599.3100000000001,0.2595651296144707,0.0636936226318236,0.020144020877781,8
271,audio/Bmr025/interval2.mp3,audio/Bmr025/interval2.csv,Bmr025,543.99,0.192019048930155,0.0578962797920757,0.0135740391290757,8
272,audio/Bmr026/interval0.mp3,audio/Bmr026/interval0.csv,Bmr026,444.812,0.0950439896536983,0.059657151473678,0.0027437667865778,6
273,audio/Bmr026/interval1.mp3,audio/Bmr026/interval1.csv,Bmr026,396.45200000000006,0.1254549426791306,0.0623864089770996,0.005373205570179,6
274,audio/Bmr026/interval2.mp3,audio/Bmr026/interval2.csv,Bmr026,509.5909999999999,0.0905070068035287,0.0631871579116735,0.0036650105933343,6
275,audio/Bmr026/interval3.mp3,audio/Bmr026/interval3.csv,Bmr026,587.0900000000001,0.0760872904222794,0.0793403730496559,0.0016061265767515,6
276,audio/Bmr026/interval4.mp3,audio/Bmr026/interval4.csv,Bmr026,556.6200000000001,0.0613962352080317,0.075985765130934,0.0015379148566241,4
277,audio/Bmr027/interval0.mp3,audio/Bmr027/interval0.csv,Bmr027,448.036,0.1177416736509401,0.0590353945199134,0.0062381950106098,8
278,audio/Bmr027/interval1.mp3,audio/Bmr027/interval1.csv,Bmr027,361.391,0.1108306959170984,0.0598482412839726,0.0060557331920031,6
279,audio/Bmr027/interval2.mp3,audio/Bmr027/interval2.csv,Bmr027,562.0340000000001,0.1027362668535365,0.0600596023871617,0.0046474139072925,8
280,audio/Bmr027/interval3.mp3,audio/Bmr027/interval3.csv,Bmr027,526.5999999999999,0.1453059691124326,0.066179236573482,0.0087098452531544,7
281,audio/Bmr027/interval4.mp3,audio/Bmr027/interval4.csv,Bmr027,436.97,0.1421110201212871,0.0719818775240448,0.0070465169205335,7
282,audio/Bmr027/interval5.mp3,audio/Bmr027/interval5.csv,Bmr027,296.82000000000016,0.102169567673986,0.0597257771552061,0.0064414480900962,7
283,audio/Bmr028/interval0.mp3,audio/Bmr028/interval0.csv,Bmr028,449.36,0.1633980970215266,0.0539092978155841,0.0088640947523368,8
284,audio/Bmr028/interval1.mp3,audio/Bmr028/interval1.csv,Bmr028,374.393,0.1418790262353737,0.0470034297185096,0.0076385288864029,7
285,audio/Bmr028/interval2.mp3,audio/Bmr028/interval2.csv,Bmr028,564.6600000000001,0.1478550546992977,0.0464533609684698,0.0080777750886199,8
286,audio/Bmr028/interval3.mp3,audio/Bmr028/interval3.csv,Bmr028,311.74,0.1094353794511295,0.0465185539601333,0.0043418893397667,8
287,audio/Bmr028/interval4.mp3,audio/Bmr028/interval4.csv,Bmr028,580.4000000000001,0.0913529402592938,0.0406889125697611,0.0037614439646688,8
288,audio/Bmr028/interval5.mp3,audio/Bmr028/interval5.csv,Bmr028,487.59000000000015,0.130125084114602,0.0507662985811824,0.0052064519666769,7
289,audio/Bmr029/interval0.mp3,audio/Bmr029/interval0.csv,Bmr029,421.891,0.0912431126940591,0.0520249294854155,0.0028063712108416,3
290,audio/Bmr029/interval1.mp3,audio/Bmr029/interval1.csv,Bmr029,381.092,0.0574789640976269,0.0476229660749101,0.0013546860412603,5
291,audio/Bmr029/interval2.mp3,audio/Bmr029/interval2.csv,Bmr029,448.5949999999999,0.0828798312411154,0.0513561177697981,0.002351081034013,5
292,audio/Bmr029/interval3.mp3,audio/Bmr029/interval3.csv,Bmr029,420.6399999999999,0.0748107833100435,0.0488054844474497,0.0018985479249842,4
293,audio/Bmr029/interval4.mp3,audio/Bmr029/interval4.csv,Bmr029,384.96,0.1041106181265312,0.0548246569926563,0.0048267075455245,5
294,audio/Bmr029/interval5.mp3,audio/Bmr029/interval5.csv,Bmr029,281.80999999999995,0.0541211148453708,0.049817762510814,0.0013206492957541,5
295,audio/Bmr030/interval0.mp3,audio/Bmr030/interval0.csv,Bmr030,448.258,0.2854328961447873,0.0701846945011007,0.0212193604877932,5
296,audio/Bmr030/interval1.mp3,audio/Bmr030/interval1.csv,Bmr030,369.908,0.2521018042738333,0.0690496994362406,0.0142573825819444,5
297,audio/Bmr030/interval2.mp3,audio/Bmr030/interval2.csv,Bmr030,545.8299999999999,0.1824366656543364,0.0641046998633385,0.0088357119373577,5
298,audio/Bmr031/interval0.mp3,audio/Bmr031/interval0.csv,Bmr031,447.749,0.1075028703858212,0.0488194142833065,0.00411658572302,8
299,audio/Bmr031/interval1.mp3,audio/Bmr031/interval1.csv,Bmr031,512.7929999999999,0.1296384713347256,0.052074393854709,0.0048915084159999,8
300,audio/Bmr031/interval2.mp3,audio/Bmr031/interval2.csv,Bmr031,594.349,0.142439962708506,0.0466728355007422,0.0064922401911956,8
301,audio/Bmr031/interval3.mp3,audio/Bmr031/interval3.csv,Bmr031,331.90999999999985,0.1299867254859297,0.0490274680832458,0.0066227638246436,8
302,audio/Bmr031/interval4.mp3,audio/Bmr031/interval4.csv,Bmr031,547.1899999999998,0.120105016015273,0.0472012736503331,0.0041205348922013,7
303,audio/Bmr031/interval5.mp3,audio/Bmr031/interval5.csv,Bmr031,337.3599999999997,0.0850673435876372,0.0426345920766226,0.0021186137281315,6
304,audio/Bns001/interval0.mp3,audio/Bns001/interval0.csv,Bns001,442.928,0.0679633711482909,0.042857097514547,0.0017717430347786,4
305,audio/Bns001/interval1.mp3,audio/Bns001/interval1.csv,Bns001,413.3,0.0321454445011298,0.0516725278704353,0.0003811001678192,4
306,audio/Bns001/interval2.mp3,audio/Bns001/interval2.csv,Bns001,380.7720000000001,0.0402049586555949,0.0531848121455576,0.0003242415010792,3
307,audio/Bns001/interval3.mp3,audio/Bns001/interval3.csv,Bns001,373.3799999999999,0.034374518722314,0.0497108935331291,0.0002612669740349,4
308,audio/Bns001/interval4.mp3,audio/Bns001/interval4.csv,Bns001,406.4500000000001,0.0418334578186162,0.0473398783383319,0.0004532344370844,5
309,audio/Bns001/interval5.mp3,audio/Bns001/interval5.csv,Bns001,401.26,0.0286901451239103,0.0481414909709362,0.0003886581232676,5
310,audio/Bns001/interval6.mp3,audio/Bns001/interval6.csv,Bns001,340.6700000000001,0.0308600893747344,0.052984439429696,0.0002762534625671,3
311,audio/Bns001/interval7.mp3,audio/Bns001/interval7.csv,Bns001,412.4899999999998,0.0368644686592367,0.0536903233183225,0.0002657966855077,3
312,audio/Bns001/interval8.mp3,audio/Bns001/interval8.csv,Bns001,452.2000000000003,0.0313390721836761,0.0499898959001925,0.0002150538548611,4
313,audio/Bns001/interval9.mp3,audio/Bns001/interval9.csv,Bns001,400.52999999999975,0.0349765291875309,0.0509754585597826,0.0003829632188388,6
314,audio/Bns001/interval10.mp3,audio/Bns001/interval10.csv,Bns001,572.1899999999996,0.0367799778461064,0.0528410546351905,0.0003227493673174,5
315,audio/Bns001/interval11.mp3,audio/Bns001/interval11.csv,Bns001,298.0599999999995,0.031560163105193,0.0525009798336838,0.0002947021849203,4
316,audio/Bns001/interval12.mp3,audio/Bns001/interval12.csv,Bns001,360.8000000000002,0.0309720440294611,0.0518831586552384,0.0002415446021892,4
317,audio/Bns001/interval13.mp3,audio/Bns001/interval13.csv,Bns001,350.21000000000004,0.0309667248548428,0.0554726736019028,0.0002273698359921,4
318,audio/Bns002/interval0.mp3,audio/Bns002/interval0.csv,Bns002,431.825,0.0342871692158905,0.0583433345487418,0.0002574534048335,5
319,audio/Bns002/interval1.mp3,audio/Bns002/interval1.csv,Bns002,321.47099999999995,0.0442978009275206,0.0629065307308595,0.0003396966469344,3
320,audio/Bns002/interval2.mp3,audio/Bns002/interval2.csv,Bns002,361.72400000000016,0.0435899670750796,0.0615582587638006,0.0003537828558281,3
321,audio/Bns002/interval3.mp3,audio/Bns002/interval3.csv,Bns002,576.7,0.0518226381641966,0.0622875798644663,0.0005809964567576,3
322,audio/Bns002/interval4.mp3,audio/Bns002/interval4.csv,Bns002,388.4100000000003,0.0652813476552357,0.0643968185359128,0.0008729153911399,4
323,audio/Bns002/interval5.mp3,audio/Bns002/interval5.csv,Bns002,595.27,0.0538929798215628,0.0553317486079689,0.0005960868420269,2
324,audio/Bns002/interval6.mp3,audio/Bns002/interval6.csv,Bns002,323.4499999999998,0.0601417685266865,0.0608414561647523,0.0006061037278413,2
325,audio/Bns002/interval7.mp3,audio/Bns002/interval7.csv,Bns002,530.69,0.047468014744213,0.0567542403877707,0.0004608125486284,3
326,audio/Bns002/interval8.mp3,audio/Bns002/interval8.csv,Bns002,442.4099999999999,0.0454536587073804,0.0575341074216699,0.0004170042339397,3
327,audio/Bns002/interval9.mp3,audio/Bns002/interval9.csv,Bns002,488.3800000000001,0.0543545788829538,0.0585107563486545,0.0005861133326928,2
328,audio/Bns002/interval10.mp3,audio/Bns002/interval10.csv,Bns002,378.8100000000004,0.0491301360031353,0.0571953512895365,0.0004963562959314,2
329,audio/Bns002/interval11.mp3,audio/Bns002/interval11.csv,Bns002,484.6999999999998,0.0354001636507374,0.0551072464446107,0.000344752268193,4
330,audio/Bns002/interval12.mp3,audio/Bns002/interval12.csv,Bns002,400.4499999999998,0.029896253511021,0.051968997113461,0.0002625567881218,5
331,audio/Bns003/interval0.mp3,audio/Bns003/interval0.csv,Bns003,422.021,0.028747744828607,0.0587491403026134,0.0002549694942636,6
332,audio/Bns003/interval1.mp3,audio/Bns003/interval1.csv,Bns003,390.721,0.0245833014324593,0.0533900885203096,0.0001414702527045,5
333,audio/Bns003/interval2.mp3,audio/Bns003/interval2.csv,Bns003,430.212,0.0220462373995322,0.0509992741138412,0.0001394868486966,6
334,audio/Bns003/interval3.mp3,audio/Bns003/interval3.csv,Bns003,547.6499999999999,0.0247604375597178,0.0533781295047909,0.0001472498123413,5
335,audio/Bns003/interval4.mp3,audio/Bns003/interval4.csv,Bns003,522.46,0.0240448310057063,0.0457919969181925,0.0001681539582819,5
336,audio/Bns003/interval5.mp3,audio/Bns003/interval5.csv,Bns003,659.29,0.0267082703849857,0.0498725454211277,0.0002996452944553,6
337,audio/Bro003/interval0.mp3,audio/Bro003/interval0.csv,Bro003,443.454,0.0556744090294503,0.0408654436164781,0.0014327607727632,6
338,audio/Bro003/interval1.mp3,audio/Bro003/interval1.csv,Bro003,535.22,0.0411702279096854,0.0338093088762418,0.0011232058981821,7
339,audio/Bro003/interval2.mp3,audio/Bro003/interval2.csv,Bro003,420.221,0.0311492273274154,0.0401231047197894,0.0006495042166323,5
340,audio/Bro003/interval3.mp3,audio/Bro003/interval3.csv,Bro003,349.99,0.0343181721222123,0.048136925037733,0.000684804525061,5
341,audio/Bro003/interval4.mp3,audio/Bro003/interval4.csv,Bro003,404.57,0.0296951470731644,0.0415497806993945,0.0006364986275627,6
342,audio/Bro003/interval5.mp3,audio/Bro003/interval5.csv,Bro003,360.50999999999976,0.0443359615591805,0.0442875119255603,0.001649743771266,7
343,audio/Bro003/interval6.mp3,audio/Bro003/interval6.csv,Bro003,482.6300000000001,0.0272558228604945,0.0408010124001731,0.0005049720076987,7
344,audio/Bro003/interval7.mp3,audio/Bro003/interval7.csv,Bro003,419.5,0.0218840919517286,0.040284594971149,0.0001837172912931,6
345,audio/Bro003/interval8.mp3,audio/Bro003/interval8.csv,Bro003,428.5799999999999,0.0205736026792125,0.0404828487309025,0.0001679663886122,6
346,audio/Bro003/interval9.mp3,audio/Bro003/interval9.csv,Bro003,357.0699999999997,0.0220814713129556,0.0422276280949245,0.0002327873497306,4
347,audio/Bro003/interval10.mp3,audio/Bro003/interval10.csv,Bro003,583.5500000000002,0.0205239055434166,0.0376966647351981,0.0002463623925789,6
348,audio/Bro004/interval0.mp3,audio/Bro004/interval0.csv,Bro004,448.629,0.0732767401531138,0.0507987888016924,0.002779439381814,6
349,audio/Bro004/interval1.mp3,audio/Bro004/interval1.csv,Bro004,580.8269999999999,0.0495626567858634,0.0562318663489406,0.0014372189604277,5
350,audio/Bro004/interval2.mp3,audio/Bro004/interval2.csv,Bro004,394.01,0.0407078748215166,0.0579126193812982,0.0006920711449719,6
351,audio/Bro004/interval3.mp3,audio/Bro004/interval3.csv,Bro004,436.78,0.0587663047522902,0.0598590086917229,0.0044980707499572,5
352,audio/Bro004/interval4.mp3,audio/Bro004/interval4.csv,Bro004,529.0799999999999,0.0445203268583039,0.0608639385203633,0.0018732467381071,3
353,audio/Bro004/interval5.mp3,audio/Bro004/interval5.csv,Bro004,343.52,0.0611556156931086,0.0611658486291821,0.0112505210703335,6
354,audio/Bro004/interval6.mp3,audio/Bro004/interval6.csv,Bro004,415.48,0.0376388693100757,0.0590661772538979,0.0020613253904081,5
355,audio/Bro004/interval7.mp3,audio/Bro004/interval7.csv,Bro004,442.5300000000002,0.0364165153044376,0.0499747494621963,0.0030698963533436,7
356,audio/Bro004/interval8.mp3,audio/Bro004/interval8.csv,Bro004,549.8399999999997,0.0437288528652223,0.0542837194494299,0.0060519542371569,5
357,audio/Bro005/interval0.mp3,audio/Bro005/interval0.csv,Bro005,436.787,0.0426214009867377,0.0483554959531657,0.0011910900381594,4
358,audio/Bro005/interval1.mp3,audio/Bro005/interval1.csv,Bro005,327.96199999999993,0.0301702088083502,0.0610108199668141,0.0005066307681346,3
359,audio/Bro005/interval2.mp3,audio/Bro005/interval2.csv,Bro005,535.7210000000001,0.0249745554473585,0.0631350492141448,0.000242275709687,4
360,audio/Bro005/interval3.mp3,audio/Bro005/interval3.csv,Bro005,558.78,0.019034885356003,0.0611188732014855,0.0001479281396734,4
361,audio/Bro005/interval4.mp3,audio/Bro005/interval4.csv,Bro005,371.9200000000001,0.0220056075465275,0.0656875456029935,0.00016049491295,3
362,audio/Bro005/interval5.mp3,audio/Bro005/interval5.csv,Bro005,515.8499999999999,0.0191656379310471,0.0590797234749167,0.0001625818767312,3
363,audio/Bro005/interval6.mp3,audio/Bro005/interval6.csv,Bro005,555.3000000000002,0.018726215700736,0.0537949753684925,0.0001030710234946,3
364,audio/Bro005/interval7.mp3,audio/Bro005/interval7.csv,Bro005,356.4699999999998,0.0231733642516396,0.0600984463038203,0.0001591856483704,4
365,audio/Bro005/interval8.mp3,audio/Bro005/interval8.csv,Bro005,216.74000000000024,0.0244129507849372,0.0553564479278253,0.0003068371860436,5
366,audio/Bro007/interval0.mp3,audio/Bro007/interval0.csv,Bro007,435.761,0.0380180159446301,0.0531335443364682,0.0004603469949868,3
367,audio/Bro007/interval1.mp3,audio/Bro007/interval1.csv,Bro007,520.003,0.0373879484596508,0.0461996696388702,0.0004531272471494,3
368,audio/Bro007/interval2.mp3,audio/Bro007/interval2.csv,Bro007,451.9850000000001,0.046114525528485,0.0422594303047621,0.0007860213464998,3
369,audio/Bro007/interval3.mp3,audio/Bro007/interval3.csv,Bro007,358.1899999999998,0.0415586415879695,0.0508318317086412,0.0006237267439342,4
370,audio/Bro008/interval0.mp3,audio/Bro008/interval0.csv,Bro008,441.408,0.1182212652409555,0.0349293957127827,0.0145994946043286,4
371,audio/Bro008/interval1.mp3,audio/Bro008/interval1.csv,Bro008,339.997,0.1141400470340236,0.0391672388790719,0.0144042807725324,3
372,audio/Bro008/interval2.mp3,audio/Bro008/interval2.csv,Bro008,531.7269999999999,0.091453764485886,0.0372919367494541,0.0094064744249449,3
373,audio/Bro008/interval3.mp3,audio/Bro008/interval3.csv,Bro008,328.3899999999999,0.0935320787418447,0.0380529319937424,0.0088497428842756,4
374,audio/Bro010/interval0.mp3,audio/Bro010/interval0.csv,Bro010,439.125,0.0456248568980671,0.0526241554221526,0.0012097043589738,5
375,audio/Bro010/interval1.mp3,audio/Bro010/interval1.csv,Bro010,505.029,0.0466438379359814,0.0497602819683908,0.0005544851111502,5
376,audio/Bro010/interval2.mp3,audio/Bro010/interval2.csv,Bro010,392.0149999999999,0.0355551472628194,0.0594292335485399,0.0004479135104033,5
377,audio/Bro010/interval3.mp3,audio/Bro010/interval3.csv,Bro010,365.99,0.0364628233432192,0.0525974505535465,0.000536248308299,5
378,audio/Bro010/interval4.mp3,audio/Bro010/interval4.csv,Bro010,442.83000000000015,0.0295427100992178,0.0438646662155253,0.0003654619260392,3
379,audio/Bro010/interval5.mp3,audio/Bro010/interval5.csv,Bro010,331.89999999999964,0.0526114917469456,0.0500682992536204,0.0011527682542259,4
380,audio/Bro011/interval0.mp3,audio/Bro011/interval0.csv,Bro011,447.106,0.0583256168208325,0.0612549791704533,0.0054932717203745,6
381,audio/Bro011/interval1.mp3,audio/Bro011/interval1.csv,Bro011,478.244,0.0578884330077657,0.0547724401232582,0.007524003437677,6
382,audio/Bro011/interval2.mp3,audio/Bro011/interval2.csv,Bro011,331.57000000000005,0.0381647687006206,0.0557293718268557,0.0015286795542344,4
383,audio/Bro011/interval3.mp3,audio/Bro011/interval3.csv,Bro011,521.46,0.1032862902251516,0.0558653931783774,0.0201749079451992,3
384,audio/Bro011/interval4.mp3,audio/Bro011/interval4.csv,Bro011,476.07,0.1360992147612573,0.0540435869903184,0.0244063044585748,5
385,audio/Bro012/interval0.mp3,audio/Bro012/interval0.csv,Bro012,447.479,0.1053095179866104,0.0577035082876063,0.0058682791602283,5
386,audio/Bro012/interval1.mp3,audio/Bro012/interval1.csv,Bro012,435.75500000000005,0.091088997219263,0.0646033273581952,0.0051744817158733,5
387,audio/Bro012/interval2.mp3,audio/Bro012/interval2.csv,Bro012,430.8499999999999,0.0648444402009891,0.0631091937496631,0.0033107493831466,4
388,audio/Bro012/interval3.mp3,audio/Bro012/interval3.csv,Bro012,450.24,0.0631938155775802,0.0582580896904491,0.0027893121330595,4
389,audio/Bro012/interval4.mp3,audio/Bro012/interval4.csv,Bro012,369.26,0.0685266664429082,0.0715963760277149,0.0031318851551511,6
390,audio/Bro012/interval5.mp3,audio/Bro012/interval5.csv,Bro012,405.25999999999976,0.0525123130291124,0.0685896398658617,0.002428417763717,4
391,audio/Bro012/interval6.mp3,audio/Bro012/interval6.csv,Bro012,491.3499999999999,0.0444921086348979,0.060979108087992,0.0015346257042696,4
392,audio/Bro012/interval7.mp3,audio/Bro012/interval7.csv,Bro012,661.3200000000002,0.0678108077186121,0.0625892693539113,0.003190979467483,5
393,audio/Bro013/interval0.mp3,audio/Bro013/interval0.csv,Bro013,424.45,0.0385384642419214,0.04731672357939,0.0011339575138123,3
394,audio/Bro013/interval1.mp3,audio/Bro013/interval1.csv,Bro013,313.379,0.0458391385891176,0.0442397934494702,0.0015247454398718,3
395,audio/Bro013/interval2.mp3,audio/Bro013/interval2.csv,Bro013,292.1410000000001,0.0337863793681021,0.0447714166939874,0.0014412643940318,4
396,audio/Bro013/interval3.mp3,audio/Bro013/interval3.csv,Bro013,410.3499999999999,0.0593631069986748,0.061381426204521,0.0018805155698739,3
397,audio/Bro013/interval4.mp3,audio/Bro013/interval4.csv,Bro013,423.74,0.0773029010825837,0.0616191458692942,0.0017837939745305,4
398,audio/Bro014/interval0.mp3,audio/Bro014/interval0.csv,Bro014,449.628,0.203132864493043,0.0687316881923285,0.0077301167850411,6
399,audio/Bro014/interval1.mp3,audio/Bro014/interval1.csv,Bro014,321.73900000000003,0.0793426988458053,0.0547806317993613,0.002420054429969,4
400,audio/Bro014/interval2.mp3,audio/Bro014/interval2.csv,Bro014,533.163,0.0727831166494558,0.0623300733616954,0.0025757110307454,4
401,audio/Bro014/interval3.mp3,audio/Bro014/interval3.csv,Bro014,383.6199999999999,0.0448646303659505,0.0558336694539855,0.0012108614727351,4
402,audio/Bro014/interval4.mp3,audio/Bro014/interval4.csv,Bro014,507.5200000000002,0.0680300925655508,0.0618601500666232,0.0021759217672577,5
403,audio/Bro014/interval5.mp3,audio/Bro014/interval5.csv,Bro014,535.21,0.0779456081196366,0.0629683898793384,0.0025692745045522,5
404,audio/Bro014/interval6.mp3,audio/Bro014/interval6.csv,Bro014,450.48,0.1056054820031883,0.0594704716815499,0.0037869999033635,6
405,audio/Bro015/interval0.mp3,audio/Bro015/interval0.csv,Bro015,447.93,0.0859834416948081,0.0521430259334015,0.0018593233581458,5
406,audio/Bro015/interval1.mp3,audio/Bro015/interval1.csv,Bro015,564.51,0.0640915841377347,0.0539236668106285,0.001603824787838,6
407,audio/Bro016/interval0.mp3,audio/Bro016/interval0.csv,Bro016,442.604,0.1009748537305831,0.0479408322595346,0.0029767798058126,5
408,audio/Bro016/interval1.mp3,audio/Bro016/interval1.csv,Bro016,482.929,0.109117153987302,0.046340329801012,0.0032387021803309,5
409,audio/Bro016/interval2.mp3,audio/Bro016/interval2.csv,Bro016,409.1640000000001,0.0992984248295761,0.05403393684918,0.0032521701355944,4
410,audio/Bro016/interval3.mp3,audio/Bro016/interval3.csv,Bro016,447.23,0.0892364631268666,0.0469012126998857,0.002328210183815,4
411,audio/Bro016/interval4.mp3,audio/Bro016/interval4.csv,Bro016,368.7900000000002,0.0710422361805036,0.0441964162744758,0.0017866979069359,3
412,audio/Bro016/interval5.mp3,audio/Bro016/interval5.csv,Bro016,320.3399999999997,0.0620311549885301,0.0502420736762467,0.001458945767616,5
413,audio/Bro016/interval6.mp3,audio/Bro016/interval6.csv,Bro016,271.79,0.070068894759934,0.0476451295676362,0.0021953028162084,4
414,audio/Bro017/interval0.mp3,audio/Bro017/interval0.csv,Bro017,448.03,0.1067162055575879,0.0601219569470356,0.0038067892171386,4
415,audio/Bro017/interval1.mp3,audio/Bro017/interval1.csv,Bro017,450.839,0.0830652100874687,0.0576324014957897,0.0026159411951235,3
416,audio/Bro017/interval2.mp3,audio/Bro017/interval2.csv,Bro017,512.3100000000001,0.0952711950774249,0.0528750568304138,0.0032641637294864,4
417,audio/Bro017/interval3.mp3,audio/Bro017/interval3.csv,Bro017,550.79,0.0835126688484904,0.050384569085673,0.0026689905532624,5
418,audio/Bro017/interval4.mp3,audio/Bro017/interval4.csv,Bro017,540.6799999999998,0.0909915631331989,0.0524592423760521,0.0033342933121298,5
419,audio/Bro017/interval5.mp3,audio/Bro017/interval5.csv,Bro017,647.4900000000002,0.0907576270932202,0.0562913548969465,0.0029873868476675,4
420,audio/Bro018/interval0.mp3,audio/Bro018/interval0.csv,Bro018,446.62,0.1034371112627649,0.0764213337909409,0.0022022775264087,4
421,audio/Bro018/interval1.mp3,audio/Bro018/interval1.csv,Bro018,433.777,0.0786895992724814,0.0685190426028396,0.0016429854591885,4
422,audio/Bro018/interval2.mp3,audio/Bro018/interval2.csv,Bro018,332.0930000000001,0.0515517426509384,0.0640726186158498,0.0007378679789044,4
423,audio/Bro018/interval3.mp3,audio/Bro018/interval3.csv,Bro018,350.6200000000001,0.0497438996267953,0.0652727584333609,0.0006549238772247,3
424,audio/Bro018/interval4.mp3,audio/Bro018/interval4.csv,Bro018,516.9099999999999,0.0405928550480746,0.0618655546025738,0.0005473346917744,4
425,audio/Bro018/interval5.mp3,audio/Bro018/interval5.csv,Bro018,438.46,0.0541773714433328,0.0697596765692024,0.001003236638191,2
426,audio/Bro018/interval6.mp3,audio/Bro018/interval6.csv,Bro018,392.3599999999997,0.0602188827522172,0.0785418508292401,0.0012613615695723,3
427,audio/Bro019/interval0.mp3,audio/Bro019/interval0.csv,Bro019,440.99,0.0663852287000663,0.0566587761458772,0.0014146955243142,5
428,audio/Bro019/interval1.mp3,audio/Bro019/interval1.csv,Bro019,558.1399999999999,0.0463043482543634,0.0494176456937973,0.0007646460302792,5
429,audio/Bro019/interval2.mp3,audio/Bro019/interval2.csv,Bro019,564.555,0.0567807247318258,0.0573451324661203,0.0008542328857747,5
430,audio/Bro019/interval3.mp3,audio/Bro019/interval3.csv,Bro019,289.1200000000001,0.0546863143197653,0.0529999259657083,0.0009646963103225,5
431,audio/Bro019/interval4.mp3,audio/Bro019/interval4.csv,Bro019,297.2700000000002,0.0496319993712628,0.0551771160811919,0.0007791171963251,4
432,audio/Bro019/interval5.mp3,audio/Bro019/interval5.csv,Bro019,581.4499999999998,0.0566691660196907,0.0579614471329519,0.0008271710908613,6
433,audio/Bro019/interval6.mp3,audio/Bro019/interval6.csv,Bro019,435.4099999999999,0.0415164971468349,0.0477560258155796,0.0005420210660022,6
434,audio/Bro019/interval7.mp3,audio/Bro019/interval7.csv,Bro019,404.54,0.0839654559979532,0.0662682824517161,0.0011671300396929,6
435,audio/Bro021/interval0.mp3,audio/Bro021/interval0.csv,Bro021,439.529,0.073357103619654,0.0531540662640657,0.0018141825684938,5
436,audio/Bro021/interval1.mp3,audio/Bro021/interval1.csv,Bro021,312.829,0.0748929245613446,0.0576364679590662,0.0015393349890604,5
437,audio/Bro021/interval2.mp3,audio/Bro021/interval2.csv,Bro021,558.453,0.0540283875561294,0.0538406870101555,0.001035218990966,5
438,audio/Bro021/interval3.mp3,audio/Bro021/interval3.csv,Bro021,380.53,0.0378765830535457,0.0639735433732228,0.0007373677401778,6
439,audio/Bro021/interval4.mp3,audio/Bro021/interval4.csv,Bro021,345.1399999999999,0.0903013564072141,0.074307444791106,0.002156024229331,5
440,audio/Bro021/interval5.mp3,audio/Bro021/interval5.csv,Bro021,317.4000000000001,0.0968888341004254,0.0633313997348207,0.0036418899289914,4
441,audio/Bro021/interval6.mp3,audio/Bro021/interval6.csv,Bro021,411.56,0.1280223452625213,0.0610175533321579,0.0060065743068547,4
442,audio/Bro021/interval7.mp3,audio/Bro021/interval7.csv,Bro021,328.80999999999995,0.117829050354993,0.0533494417987783,0.005269448686708,4
443,audio/Bro022/interval0.mp3,audio/Bro022/interval0.csv,Bro022,438.764,0.0477694237299841,0.0609635781878439,0.00070018574042,5
444,audio/Bro022/interval1.mp3,audio/Bro022/interval1.csv,Bro022,428.999,0.0562212109126565,0.0713911533458946,0.0007685866344477,6
445,audio/Bro022/interval2.mp3,audio/Bro022/interval2.csv,Bro022,567.1619999999999,0.0511526026034577,0.0711804755946532,0.0008975623009183,6
446,audio/Bro022/interval3.mp3,audio/Bro022/interval3.csv,Bro022,578.6199999999999,0.029146237141131,0.0742299381458166,0.0002881168095135,6
447,audio/Bro022/interval4.mp3,audio/Bro022/interval4.csv,Bro022,543.56,0.0207525698101317,0.0652550033706215,0.0001217088851731,5
448,audio/Bro022/interval5.mp3,audio/Bro022/interval5.csv,Bro022,316.6300000000001,0.0405562347545345,0.0642981940790679,0.0007969112882376,5
449,audio/Bro023/interval0.mp3,audio/Bro023/interval0.csv,Bro023,447.556,0.0430560213672114,0.0520855625810635,0.0005300517195579,5
450,audio/Bro023/interval1.mp3,audio/Bro023/interval1.csv,Bro023,468.172,0.0803604929051972,0.0588167857740663,0.0022986525672629,5
451,audio/Bro023/interval2.mp3,audio/Bro023/interval2.csv,Bro023,354.2839999999999,0.1219241437553331,0.0541409437364825,0.006061229817192,3
452,audio/Bro023/interval3.mp3,audio/Bro023/interval3.csv,Bro023,479.96,0.1038386860670883,0.0566389478692975,0.0041116004040032,4
453,audio/Bro023/interval4.mp3,audio/Bro023/interval4.csv,Bro023,528.71,0.0755327036253423,0.0642389417270531,0.0021633623983993,4
454,audio/Bro023/interval5.mp3,audio/Bro023/interval5.csv,Bro023,579.4200000000001,0.0570163175436298,0.0732266902350324,0.0009525865978171,4
455,audio/Bro023/interval6.mp3,audio/Bro023/interval6.csv,Bro023,428.59000000000015,0.0576212792853107,0.0696823214358272,0.0011805463914522,4
456,audio/Bro023/interval7.mp3,audio/Bro023/interval7.csv,Bro023,306.0300000000002,0.0541063797892366,0.0798489514178679,0.0006081928967868,4
457,audio/Bro023/interval8.mp3,audio/Bro023/interval8.csv,Bro023,558.9600000000005,0.0488953105504849,0.0729694574834877,0.0005043134268145,4
458,audio/Bro024/interval0.mp3,audio/Bro024/interval0.csv,Bro024,443.502,0.2123962810892655,0.0545693727995262,0.0068018093143858,5
459,audio/Bro024/interval1.mp3,audio/Bro024/interval1.csv,Bro024,502.2,0.185000644773169,0.0533168673493272,0.0053428431007995,3
460,audio/Bro024/interval2.mp3,audio/Bro024/interval2.csv,Bro024,540.17,0.1392856651212903,0.0529904791872635,0.005932932288075,7
461,audio/Bro024/interval3.mp3,audio/Bro024/interval3.csv,Bro024,403.75,0.1369073493474199,0.0594794178881045,0.0066808901686455,5
462,audio/Bro024/interval4.mp3,audio/Bro024/interval4.csv,Bro024,315.74,0.0712571710327202,0.0503727211147779,0.0014215127669006,5
463,audio/Bro024/interval5.mp3,audio/Bro024/interval5.csv,Bro024,487.73,0.099654519049818,0.0549707751874553,0.0033605509379693,8
464,audio/Bro024/interval6.mp3,audio/Bro024/interval6.csv,Bro024,511.54,0.0582446831208748,0.0525909336559847,0.0008931326902301,6
465,audio/Bro024/interval7.mp3,audio/Bro024/interval7.csv,Bro024,570.5999999999999,0.0766486497914518,0.0560506102104866,0.0016912157125132,4
466,audio/Bro024/interval8.mp3,audio/Bro024/interval8.csv,Bro024,572.7099999999996,0.0566026130174797,0.0499895276391141,0.0012940422725422,6
467,audio/Bro025/interval0.mp3,audio/Bro025/interval0.csv,Bro025,442.371,0.0676837990808684,0.0506771711549312,0.0022551666175345,5
468,audio/Bro025/interval1.mp3,audio/Bro025/interval1.csv,Bro025,313.76,0.0511001528590641,0.0491707493478502,0.0012783451416774,4
469,audio/Bro025/interval2.mp3,audio/Bro025/interval2.csv,Bro025,471.828,0.0821871885984391,0.0498612050935039,0.0025161874527746,5
470,audio/Bro025/interval3.mp3,audio/Bro025/interval3.csv,Bro025,430.74,0.0591440445416408,0.0489213277333432,0.001283121345481,4
471,audio/Bro026/interval0.mp3,audio/Bro026/interval0.csv,Bro026,442.86,0.0786125365048797,0.0513526821701489,0.0019734067751565,4
472,audio/Bro026/interval1.mp3,audio/Bro026/interval1.csv,Bro026,410.037,0.0704172140723815,0.0582578233390197,0.0008831873298021,5
473,audio/Bro026/interval2.mp3,audio/Bro026/interval2.csv,Bro026,543.193,0.0760737114454988,0.0564395852034709,0.001224789199964,5
474,audio/Bro026/interval3.mp3,audio/Bro026/interval3.csv,Bro026,338.82000000000016,0.0776583015155768,0.0553559085779022,0.0013216554884067,5
475,audio/Bro026/interval4.mp3,audio/Bro026/interval4.csv,Bro026,441.0600000000002,0.0778965658423574,0.0489407163069228,0.001594066953898,5
476,audio/Bro026/interval5.mp3,audio/Bro026/interval5.csv,Bro026,530.8700000000003,0.0899783724795895,0.0589798174520513,0.0014777360897479,5
477,audio/Bro026/interval6.mp3,audio/Bro026/interval6.csv,Bro026,487.3299999999999,0.0788567928927128,0.0590255443586811,0.001471017022201,3
478,audio/Bro027/interval0.mp3,audio/Bro027/interval0.csv,Bro027,445.788,0.0471928517058084,0.0645763207068076,0.0009314830972592,4
479,audio/Bro027/interval1.mp3,audio/Bro027/interval1.csv,Bro027,545.8600000000001,0.0476472865174892,0.0635392670426751,0.0007183856548444,4
480,audio/Bro027/interval2.mp3,audio/Bro027/interval2.csv,Bro027,580.0609999999999,0.0427918137570233,0.0711559002169061,0.0004777923364689,4
481,audio/Bro027/interval3.mp3,audio/Bro027/interval3.csv,Bro027,315.8600000000001,0.03986452400238,0.0868647426119238,0.0005303282104987,4
482,audio/Bro027/interval4.mp3,audio/Bro027/interval4.csv,Bro027,333.5699999999997,0.0339260018165044,0.0756580002806104,0.0004424460170452,4
483,audio/Bro027/interval5.mp3,audio/Bro027/interval5.csv,Bro027,497.3800000000001,0.0438658569818508,0.0749778984407824,0.0006941391411964,4
484,audio/Bro027/interval6.mp3,audio/Bro027/interval6.csv,Bro027,482.4200000000001,0.041395560557072,0.0732167123652356,0.0006980454785097,4
485,audio/Bro027/interval7.mp3,audio/Bro027/interval7.csv,Bro027,554.6300000000001,0.0737692494349782,0.0649933702011638,0.0016477784194284,4
486,audio/Bro027/interval8.mp3,audio/Bro027/interval8.csv,Bro027,613.6500000000001,0.0314810332122745,0.0786628336305244,0.0004189266059163,4
487,audio/Bro028/interval0.mp3,audio/Bro028/interval0.csv,Bro028,447.062,0.0647715937779107,0.0675764613846473,0.0013347382231644,4
488,audio/Bro028/interval1.mp3,audio/Bro028/interval1.csv,Bro028,534.038,0.09079382734663,0.0678797129755434,0.0021780583054627,4
489,audio/Bro028/interval2.mp3,audio/Bro028/interval2.csv,Bro028,480.4939999999999,0.071693993234234,0.0593313392468831,0.0017845561029267,4
490,audio/Bro028/interval3.mp3,audio/Bro028/interval3.csv,Bro028,521.22,0.0718556598042153,0.0544702226743473,0.0013914641055438,4
491,audio/Bro028/interval4.mp3,audio/Bro028/interval4.csv,Bro028,533.3999999999999,0.1198130935607506,0.0706220437856412,0.0026525286688167,5
492,audio/Bro028/interval5.mp3,audio/Bro028/interval5.csv,Bro028,310.9100000000003,0.0886955334340647,0.0581422630577856,0.0017691724931184,3
493,audio/Bro028/interval6.mp3,audio/Bro028/interval6.csv,Bro028,362.77,0.0694055265391162,0.051546392719134,0.0014175983558423,5
494,audio/Bsr001/interval0.mp3,audio/Bsr001/interval0.csv,Bsr001,448.758,0.1459114499590923,0.0538801571312154,0.0061293610495781,8
495,audio/Bsr001/interval1.mp3,audio/Bsr001/interval1.csv,Bsr001,313.98,0.0970098817935545,0.04150498955406,0.0035424874831119,8
496,audio/Bsr001/interval2.mp3,audio/Bsr001/interval2.csv,Bsr001,329.242,0.1019626931885855,0.0456303304610366,0.0029242213418172,7
497,audio/Bsr001/interval3.mp3,audio/Bsr001/interval3.csv,Bsr001,335.28,0.0876165052282671,0.0424126706955505,0.0027387564356215,7
498,audio/Bsr001/interval4.mp3,audio/Bsr001/interval4.csv,Bsr001,571.9100000000001,0.0685831484681255,0.0472965145231111,0.001799452902947,8
499,audio/Bsr001/interval5.mp3,audio/Bsr001/interval5.csv,Bsr001,397.0500000000002,0.0950007991218237,0.050892669499269,0.0031765930318592,8
500,audio/Bsr001/interval6.mp3,audio/Bsr001/interval6.csv,Bsr001,350.7000000000003,0.08152991668916,0.0517665410445908,0.0024067533084314,7
501,audio/Bsr001/interval7.mp3,audio/Bsr001/interval7.csv,Bsr001,698.4900000000002,0.0722560424561259,0.0446039289483744,0.0024451749055181,8
502,audio/Btr001/interval0.mp3,audio/Btr001/interval0.csv,Btr001,448.09,0.1345989957582039,0.0754195909226344,0.0042333767728646,6
503,audio/Btr001/interval1.mp3,audio/Btr001/interval1.csv,Btr001,479.693,0.1572002197083102,0.0813759854966358,0.0047996106514511,6
504,audio/Btr001/interval2.mp3,audio/Btr001/interval2.csv,Btr001,514.697,0.1673857991907671,0.0863132653197884,0.0056221519615129,6
505,audio/Btr001/interval3.mp3,audio/Btr001/interval3.csv,Btr001,305.5899999999999,0.2144314120943646,0.0875539368802712,0.0110246534093175,6
506,audio/Btr001/interval4.mp3,audio/Btr001/interval4.csv,Btr001,450.8399999999999,0.1992868171578826,0.0893526019805454,0.0084174989314368,6
507,audio/Btr001/interval5.mp3,audio/Btr001/interval5.csv,Btr001,322.3800000000001,0.2245699503888939,0.0915878678357281,0.0122793302402266,6
508,audio/Btr001/interval6.mp3,audio/Btr001/interval6.csv,Btr001,473.19000000000005,0.2359737033832311,0.083456751396965,0.0134254577103861,6
510,audio/Btr002/interval0.mp3,audio/Btr002/interval0.csv,Btr002,447.814,0.2893121391314097,0.1008864357970159,0.0217291386996164,6
511,audio/Btr002/interval1.mp3,audio/Btr002/interval1.csv,Btr002,434.862,0.2655790315894325,0.08975849371596,0.0175017719183366,6
512,audio/Btr002/interval2.mp3,audio/Btr002/interval2.csv,Btr002,378.2349999999999,0.2790352405186249,0.0948520648691682,0.0202860516649118,6
513,audio/Btr002/interval3.mp3,audio/Btr002/interval3.csv,Btr002,559.46,0.4064189266269182,0.1019640036160454,0.0372450920393307,6
514,audio/Btr002/interval4.mp3,audio/Btr002/interval4.csv,Btr002,327.40999999999985,0.2386271995878679,0.0925634221974505,0.0143619478046077,6
515,audio/Btr002/interval5.mp3,audio/Btr002/interval5.csv,Btr002,463.6599999999999,0.3422160677950253,0.0993255366130001,0.0298702096408641,6
516,audio/Btr002/interval6.mp3,audio/Btr002/interval6.csv,Btr002,451.17999999999984,0.4251763719986746,0.1038658978806417,0.0412041475777513,6
517,audio/Btr002/interval7.mp3,audio/Btr002/interval7.csv,Btr002,503.21,0.2423262789238194,0.0869481511642326,0.0156371266105643,6
518,audio/Btr002/interval8.mp3,audio/Btr002/interval8.csv,Btr002,457.2400000000002,0.2655209893356004,0.0935844624403311,0.0174125503157331,6
519,audio/Btr002/interval9.mp3,audio/Btr002/interval9.csv,Btr002,421.96,0.4119946739646407,0.1056826769967809,0.0400044577856481,6
520,audio/Btr002/interval10.mp3,audio/Btr002/interval10.csv,Btr002,490.9500000000007,0.3485214472690632,0.1052708187384719,0.0257674474949352,6
521,audio/Buw001/interval0.mp3,audio/Buw001/interval0.csv,Buw001,443.65,0.0364237077014704,0.0461857023522138,0.0006830525251666,8
522,audio/Buw001/interval1.mp3,audio/Buw001/interval1.csv,Buw001,566.04,0.0324518357500422,0.0503517355556239,0.000379599150778,7
523,audio/Buw001/interval2.mp3,audio/Buw001/interval2.csv,Buw001,458.7199999999999,0.0313644066176062,0.0501016453466668,0.0003620019124881,8
524,audio/Buw001/interval3.mp3,audio/Buw001/interval3.csv,Buw001,464.6100000000001,0.0458695815373526,0.0474323385182408,0.0009093292376175,8
525,audio/Buw001/interval4.mp3,audio/Buw001/interval4.csv,Buw001,338.3499999999997,0.0355497837150112,0.0497689677763862,0.000773243364828,8
526,audio/Buw001/interval5.mp3,audio/Buw001/interval5.csv,Buw001,303.8899999999999,0.0341816828298859,0.0514467048178675,0.0004525760013377,7
527,audio/Buw001/interval6.mp3,audio/Buw001/interval6.csv,Buw001,385.19000000000005,0.0340258147996836,0.0471451455972331,0.0006968770119508,7
528,audio/Buw001/interval7.mp3,audio/Buw001/interval7.csv,Buw001,592.25,0.0322532137990865,0.0490741894994511,0.0004706271702016,8
529,audio/Buw001/interval8.mp3,audio/Buw001/interval8.csv,Buw001,334.09000000000015,0.025829398122288,0.0465116310636597,0.0006866812447366,8
